Proxy Name,Domain,Country,Speed,Popularity
MIH Proxy Site,myiphide.com,US & EU,Fast,100%
Unblock Proxy,unblockproxy.win,US & EU,Fast,100%
Free Proxy,freeproxy.win,US & EU,Fast,100%
Best Web Proxy,webproxy.best,US & EU,Fast,100%
Unblock Websites,unblock-websites.com,US & EU,Fast,100%
Proxy Site,proxysite.one,US & EU,Fast,100%
Unblock Youtube,unblockyoutube.video,US & EU,Fast,100%
Multi-IP Web Proxy,my-proxy.com,US & EU,Fast,100%
Proxy Youtube,proxy-youtube.com,US & EU,Fast,100%
Unblock Videos,unblockvideos.com,United States,Medium,100%
Video Unblocker,videounblocker.net,United States,Medium,96%
Proxypx,proxypx.com,United States,Medium,92%
Proxy Site,proxysite.com,US & EU,Medium,88%
KProxy,kproxy.com,US & EU,Medium,88%
4everproxy,4everproxy.com,US & EU,Medium,88%
Proxfree,proxfree.com,US & EU,Medium,88%
Genmirror,genmirror.com,US & EU,Medium,88%
Croxyproxy,croxyproxy.com,Germany,Medium,88%
Webproxy,webproxy.to,United States,Medium,88%
Proxy Sites,proxy-site.net,United States,Slow,84%
