IP Address,Port,Code,Country,Anonymity,Google,Last Checked
23.238.33.186,80,US,United States,elite proxy,no,6 secs ago
45.79.110.81,80,US,United States,anonymous,no,8 secs ago
184.191.162.4,3128,US,United States,anonymous,no,8 secs ago
35.193.113.186,80,US,United States,elite proxy,yes,8 secs ago
209.201.29.20,80,US,United States,anonymous,no,8 secs ago
185.147.35.240,80,US,United States,anonymous,no,8 secs ago
13.91.104.216,80,US,United States,elite proxy,no,8 secs ago
104.148.36.10,80,US,United States,anonymous,no,8 secs ago
103.152.113.18,80,US,United States,anonymous,no,8 secs ago
143.198.182.218,80,US,United States,anonymous,yes,1 min ago
144.24.1.0,80,US,United States,anonymous,yes,1 min ago
82.180.163.163,80,US,United States,elite proxy,no,10 mins ago
66.29.154.105,3128,US,United States,anonymous,no,10 mins ago
162.0.226.218,80,US,United States,elite proxy,no,10 mins ago
143.198.228.250,80,US,United States,anonymous,no,10 mins ago
100.20.101.185,80,US,United States,anonymous,no,10 mins ago
18.224.216.16,80,US,United States,anonymous,no,10 mins ago
198.49.68.80,80,US,United States,elite proxy,no,10 mins ago
142.11.222.22,80,US,United States,elite proxy,no,10 mins ago
54.187.11.83,80,US,United States,anonymous,no,10 mins ago
104.225.220.233,80,US,United States,elite proxy,no,10 mins ago
3.129.103.1,80,US,United States,elite proxy,no,10 mins ago
3.226.168.144,80,US,United States,elite proxy,no,10 mins ago
34.75.202.63,80,US,United States,elite proxy,no,10 mins ago
172.177.221.87,80,US,United States,anonymous,no,10 mins ago
138.68.235.51,80,US,United States,elite proxy,no,10 mins ago
138.91.159.185,80,US,United States,elite proxy,no,10 mins ago
31.220.109.82,80,US,United States,elite proxy,no,10 mins ago
35.222.50.197,80,US,United States,elite proxy,no,10 mins ago
24.51.32.59,8080,US,United States,transparent,no,13 mins ago
75.89.101.60,80,US,United States,anonymous,no,21 mins ago
52.14.59.128,80,US,United States,anonymous,no,21 mins ago
108.170.12.13,80,US,United States,elite proxy,no,21 mins ago
142.93.61.46,80,US,United States,elite proxy,no,21 mins ago
74.205.128.200,80,US,United States,elite proxy,no,21 mins ago
45.56.98.229,49857,US,United States,elite proxy,no,21 mins ago
50.19.212.1,80,US,United States,elite proxy,no,21 mins ago
34.122.187.196,80,US,United States,elite proxy,no,21 mins ago
68.183.111.90,80,US,United States,elite proxy,no,21 mins ago
96.126.111.48,8080,US,United States,elite proxy,no,21 mins ago
54.86.198.153,80,US,United States,elite proxy,no,21 mins ago
72.170.220.17,8080,US,United States,elite proxy,no,21 mins ago
47.88.29.108,1080,US,United States,elite proxy,no,21 mins ago
159.89.132.108,8989,US,United States,elite proxy,yes,21 mins ago
104.37.102.130,8181,US,United States,transparent,no,24 mins ago
108.170.12.10,80,US,United States,transparent,no,30 mins ago
47.252.1.180,3128,US,United States,elite proxy,no,30 mins ago
3.135.231.242,80,US,United States,elite proxy,no,30 mins ago
104.45.128.122,80,US,United States,elite proxy,no,31 mins ago
216.137.184.253,80,US,United States,elite proxy,no,31 mins ago
94.242.55.10,80,US,United States,elite proxy,no,31 mins ago
162.240.75.37,80,US,United States,elite proxy,no,31 mins ago
137.184.1.39,8000,US,United States,elite proxy,yes,31 mins ago
198.59.191.234,8080,US,United States,elite proxy,yes,31 mins ago
165.192.111.151,3129,US,United States,elite proxy,yes,31 mins ago
45.47.244.19,80,US,United States,anonymous,yes,31 mins ago
209.126.6.159,80,US,United States,elite proxy,no,31 mins ago
54.69.130.23,80,US,United States,elite proxy,no,31 mins ago
3.13.227.123,80,US,United States,elite proxy,no,31 mins ago
76.80.19.107,8080,US,United States,transparent,no,34 mins ago
63.151.67.7,8080,US,United States,transparent,no,34 mins ago
3.14.109.164,8888,US,United States,transparent,no,40 mins ago
104.236.64.187,80,US,United States,elite proxy,no,40 mins ago
139.144.23.236,20201,US,United States,elite proxy,no,42 mins ago
96.126.103.64,9992,US,United States,elite proxy,no,42 mins ago
143.110.232.177,80,US,United States,elite proxy,no,42 mins ago
47.252.27.174,3128,US,United States,elite proxy,no,42 mins ago
45.33.12.251,8080,US,United States,elite proxy,no,42 mins ago
45.79.111.38,9994,US,United States,elite proxy,no,42 mins ago
24.106.221.230,53281,US,United States,transparent,no,43 mins ago
157.230.48.102,80,US,United States,elite proxy,no,51 mins ago
35.239.93.186,80,US,United States,elite proxy,no,51 mins ago
132.147.34.22,8111,US,United States,anonymous,yes,51 mins ago
139.144.23.176,80,US,United States,elite proxy,no,51 mins ago
170.187.141.197,8080,US,United States,elite proxy,no,51 mins ago
64.227.23.88,8118,US,United States,elite proxy,no,51 mins ago
148.76.97.250,80,US,United States,anonymous,no,51 mins ago
104.192.202.11,8080,US,United States,transparent,no,51 mins ago
198.11.175.192,8080,US,United States,elite proxy,no,51 mins ago
70.90.138.109,8080,US,United States,transparent,no,51 mins ago
149.28.95.93,8080,US,United States,transparent,no,51 mins ago
50.199.32.226,8080,US,United States,transparent,no,1 hour ago
54.210.239.35,80,US,United States,anonymous,no,1 hour ago
75.177.72.4,80,US,United States,elite proxy,no,1 hour ago
208.109.191.161,80,US,United States,elite proxy,no,1 hour ago
34.132.125.169,80,US,United States,elite proxy,no,1 hour ago
52.200.191.158,80,US,United States,elite proxy,no,1 hour ago
52.201.167.144,80,US,United States,transparent,no,1 hour ago
146.190.65.129,3128,US,United States,transparent,no,1 hour 8 mins ago
173.219.112.85,8080,US,United States,transparent,no,1 hour 8 mins ago
194.163.45.239,3128,US,United States,transparent,no,1 hour 10 mins ago
45.79.145.129,8888,US,United States,elite proxy,no,1 hour 10 mins ago
184.105.186.70,3128,US,United States,anonymous,yes,1 hour 10 mins ago
139.144.187.58,20201,US,United States,elite proxy,yes,1 hour 10 mins ago
47.254.47.61,8080,US,United States,anonymous,yes,1 hour 10 mins ago
23.94.230.88,3128,US,United States,transparent,no,1 hour 11 mins ago
107.173.199.155,3128,US,United States,transparent,no,1 hour 11 mins ago
23.94.238.242,3128,US,United States,transparent,no,1 hour 11 mins ago
23.95.63.65,3128,US,United States,transparent,no,1 hour 11 mins ago
23.94.73.83,3128,US,United States,transparent,no,1 hour 11 mins ago
23.95.16.51,3128,US,United States,transparent,no,1 hour 11 mins ago
23.94.237.157,3128,US,United States,transparent,no,1 hour 11 mins ago
23.94.213.189,3128,US,United States,transparent,no,1 hour 11 mins ago
23.95.69.236,3128,US,United States,transparent,no,1 hour 11 mins ago
23.95.16.123,3128,US,United States,transparent,no,1 hour 11 mins ago
23.95.49.168,3128,US,United States,transparent,no,1 hour 11 mins ago
192.227.148.140,3128,US,United States,transparent,no,1 hour 11 mins ago
23.95.190.14,3128,US,United States,transparent,no,1 hour 11 mins ago
23.94.23.74,3128,US,United States,transparent,no,1 hour 11 mins ago
23.94.230.34,3128,US,United States,transparent,no,1 hour 11 mins ago
23.94.59.4,3128,US,United States,transparent,no,1 hour 11 mins ago
192.227.148.183,3128,US,United States,transparent,no,1 hour 11 mins ago
23.94.230.4,3128,US,United States,transparent,no,1 hour 11 mins ago
107.173.199.171,3128,US,United States,transparent,no,1 hour 11 mins ago
192.227.148.179,3128,US,United States,transparent,no,1 hour 11 mins ago
23.94.180.66,3128,US,United States,transparent,no,1 hour 11 mins ago
23.94.73.17,3128,US,United States,transparent,no,1 hour 11 mins ago
44.212.226.246,80,US,United States,transparent,no,1 hour 11 mins ago
23.94.59.94,3128,US,United States,transparent,no,1 hour 11 mins ago
94.131.58.17,6273,US,United States,transparent,no,1 hour 13 mins ago
67.227.110.178,6736,US,United States,transparent,no,1 hour 13 mins ago
149.57.13.169,8085,US,United States,transparent,no,1 hour 13 mins ago
104.227.100.130,8211,US,United States,transparent,no,1 hour 13 mins ago
192.210.191.22,6008,US,United States,transparent,no,1 hour 13 mins ago
213.166.79.95,8085,US,United States,transparent,no,1 hour 13 mins ago
45.127.250.5,5614,US,United States,transparent,no,1 hour 13 mins ago
23.94.230.70,3128,US,United States,transparent,no,1 hour 13 mins ago
213.166.78.34,8085,US,United States,transparent,no,1 hour 13 mins ago
104.144.34.25,7609,US,United States,transparent,no,1 hour 13 mins ago
194.146.134.241,5296,US,United States,transparent,no,1 hour 13 mins ago
23.250.32.89,9562,US,United States,transparent,no,1 hour 13 mins ago
45.81.4.167,7157,US,United States,transparent,no,1 hour 13 mins ago
23.94.230.10,3128,US,United States,transparent,no,1 hour 13 mins ago
198.23.128.13,5641,US,United States,transparent,no,1 hour 13 mins ago
192.241.112.15,7517,US,United States,transparent,no,1 hour 13 mins ago
193.233.231.129,8085,US,United States,transparent,no,1 hour 13 mins ago
23.94.59.76,3128,US,United States,transparent,no,1 hour 13 mins ago
85.209.150.90,8085,US,United States,transparent,no,1 hour 13 mins ago
154.30.251.251,5392,US,United States,transparent,no,1 hour 13 mins ago
192.3.97.157,3128,US,United States,transparent,no,1 hour 13 mins ago
23.94.242.49,3128,US,United States,transparent,no,1 hour 13 mins ago
186.179.23.234,5278,US,United States,transparent,no,1 hour 13 mins ago
192.3.227.11,3128,US,United States,transparent,no,1 hour 13 mins ago
91.214.65.153,6000,US,United States,transparent,no,1 hour 13 mins ago
213.166.78.36,8085,US,United States,transparent,no,1 hour 13 mins ago
193.233.231.244,8085,US,United States,transparent,no,1 hour 13 mins ago
192.227.148.189,3128,US,United States,transparent,no,1 hour 13 mins ago
184.174.26.122,5813,US,United States,transparent,no,1 hour 13 mins ago
168.181.228.223,6657,US,United States,transparent,no,1 hour 13 mins ago
192.3.97.87,3128,US,United States,transparent,no,1 hour 13 mins ago
23.95.63.35,3128,US,United States,transparent,no,1 hour 13 mins ago
154.30.250.5,5046,US,United States,transparent,no,1 hour 13 mins ago
23.95.190.116,3128,US,United States,transparent,no,1 hour 13 mins ago
170.244.93.240,7801,US,United States,transparent,no,1 hour 13 mins ago
45.88.162.253,5861,US,United States,transparent,no,1 hour 13 mins ago
198.144.190.216,6063,US,United States,transparent,no,1 hour 13 mins ago
149.57.15.16,8085,US,United States,transparent,no,1 hour 13 mins ago
149.18.57.28,8085,US,United States,transparent,no,1 hour 13 mins ago
170.244.92.212,8772,US,United States,transparent,no,1 hour 13 mins ago
193.56.64.239,8085,US,United States,transparent,no,1 hour 13 mins ago
193.233.142.232,8085,US,United States,transparent,no,1 hour 13 mins ago
144.168.140.71,8142,US,United States,transparent,no,1 hour 13 mins ago
23.254.90.167,8207,US,United States,transparent,no,1 hour 13 mins ago
194.110.150.32,8085,US,United States,transparent,no,1 hour 13 mins ago
45.88.181.147,6589,US,United States,transparent,no,1 hour 13 mins ago
193.233.229.133,8085,US,United States,transparent,no,1 hour 13 mins ago
192.3.48.207,6200,US,United States,transparent,no,1 hour 13 mins ago
23.254.79.222,3128,US,United States,transparent,no,1 hour 13 mins ago
45.61.127.212,6151,US,United States,transparent,no,1 hour 13 mins ago
193.233.141.156,8085,US,United States,transparent,no,1 hour 13 mins ago
192.210.191.81,6067,US,United States,transparent,no,1 hour 13 mins ago
198.46.246.180,6804,US,United States,transparent,no,1 hour 13 mins ago
193.233.228.252,8085,US,United States,transparent,no,1 hour 13 mins ago
23.94.59.70,3128,US,United States,transparent,no,1 hour 13 mins ago
23.236.183.29,8600,US,United States,transparent,no,1 hour 13 mins ago
45.72.51.223,7791,US,United States,transparent,no,1 hour 13 mins ago
157.52.174.175,6384,US,United States,transparent,no,1 hour 13 mins ago
138.128.107.197,8786,US,United States,transparent,no,1 hour 13 mins ago
107.152.212.75,3128,US,United States,transparent,no,1 hour 13 mins ago
5.252.140.96,6191,US,United States,transparent,no,1 hour 13 mins ago
192.3.48.24,6017,US,United States,transparent,no,1 hour 13 mins ago
45.56.173.167,6150,US,United States,transparent,no,1 hour 13 mins ago
104.238.37.13,6570,US,United States,transparent,no,1 hour 13 mins ago
138.128.30.214,3128,US,United States,transparent,no,1 hour 13 mins ago
193.233.211.158,8085,US,United States,transparent,no,1 hour 13 mins ago
176.126.111.142,8085,US,United States,transparent,no,1 hour 13 mins ago
157.52.233.96,5723,US,United States,transparent,no,1 hour 13 mins ago
23.229.59.188,3128,US,United States,transparent,no,1 hour 13 mins ago
193.202.45.4,7504,US,United States,transparent,no,1 hour 13 mins ago
85.208.210.53,8085,US,United States,transparent,no,1 hour 13 mins ago
5.183.35.6,5276,US,United States,transparent,no,1 hour 13 mins ago
198.23.243.211,3128,US,United States,transparent,no,1 hour 13 mins ago
138.128.13.241,3128,US,United States,transparent,no,1 hour 13 mins ago
107.173.196.128,3128,US,United States,transparent,no,1 hour 13 mins ago
185.230.46.89,5738,US,United States,transparent,no,1 hour 13 mins ago
91.242.228.174,8085,US,United States,transparent,no,1 hour 13 mins ago
107.173.196.130,3128,US,United States,transparent,no,1 hour 13 mins ago
23.94.213.213,3128,US,United States,transparent,no,1 hour 13 mins ago
2.56.119.125,5106,US,United States,transparent,no,1 hour 13 mins ago
104.223.171.237,6528,US,United States,transparent,no,1 hour 13 mins ago
